{
  "total_vetores": 3,
  "dimensao": 1024,
  "vetores": [
    {
      "id": 0,
      "dados": [
        -0.01534760370850563,
        0.011571145616471767,
        -0.02109835296869278,
        0.019805094227194786,
        0.004270816687494516,
        -0.06126150116324425,
        -0.022935988381505013,
        -0.01555268932133913,
        0.006787111517041922,
        0.0377669632434845
      ]
    },
    {
      "id": 1,
      "dados": [
        -0.018744852393865585,
        0.007676472421735525,
        -0.027391931042075157,
        0.019263559952378273,
        0.006838471628725529,
        -0.027280598878860474,
        -0.001120062661357224,
        -0.043577224016189575,
        0.0038081526290625334,
        0.03252362832427025
      ]
    },
    {
      "id": 2,
      "dados": [
        0.005948964040726423,
        0.015719372779130936,
        -0.03990916162729263,
        0.031655725091695786,
        -0.0062848892994225025,
        -0.007432952057570219,
        -0.0008393541211262345,
        -0.027264202013611794,
        0.0032202403526753187,
        0.01365392655134201
      ]
    }
  ]
}