{
  "total_vetores": 4,
  "dimensao": 1024,
  "vetores": [
    {
      "id": 0,
      "dados": [
        0.0010429731337353587,
        0.01644105277955532,
        -0.03290526196360588,
        -0.0037767316680401564,
        -0.0033496832475066185,
        -0.049039412289857864,
        -0.002957161283120513,
        -0.02158324606716633,
        0.010374467819929123,
        0.041150979697704315
      ]
    },
    {
      "id": 1,
      "dados": [
        0.016659773886203766,
        0.014054465107619762,
        -0.03827753663063049,
        0.022000392898917198,
        -0.012102027423679829,
        0.012506522238254547,
        -0.0038991181645542383,
        -0.017955070361495018,
        0.007486057002097368,
        0.014320187270641327
      ]
    },
    {
      "id": 2,
      "dados": [
        -0.024998990818858147,
        0.014475428499281406,
        -0.01264022383838892,
        -0.005039808340370655,
        -0.014161629602313042,
        -0.028424184769392014,
        -0.019722091034054756,
        -0.012526003643870354,
        0.005343764554709196,
        0.05410955846309662
      ]
    },
    {
      "id": 3,
      "dados": [
        -0.0005777733167633414,
        0.01171275693923235,
        -0.024241147562861443,
        0.020593278110027313,
        0.02448994852602482,
        -0.0222718957811594,
        -0.0345054529607296,
        -0.0035853018052875996,
        0.006637937854975462,
        0.029792284592986107
      ]
    }
  ]
}