{
  "total_vetores": 2,
  "dimensao": 1024,
  "vetores": [
    {
      "id": 0,
      "dados": [
        0.0010429731337353587,
        0.01644105277955532,
        -0.03290526196360588,
        -0.0037767316680401564,
        -0.0033496832475066185,
        -0.049039412289857864,
        -0.002957161283120513,
        -0.02158324606716633,
        0.010374467819929123,
        0.041150979697704315
      ]
    },
    {
      "id": 1,
      "dados": [
        0.016659773886203766,
        0.014054465107619762,
        -0.03827753663063049,
        0.022000392898917198,
        -0.012102027423679829,
        0.012506522238254547,
        -0.0038991181645542383,
        -0.017955070361495018,
        0.007486057002097368,
        0.014320187270641327
      ]
    }
  ]
}