{
  "total_vetores": 2,
  "dimensao": 1024,
  "vetores": [
    {
      "id": 0,
      "dados": [
        -0.013480584137141705,
        0.0005285969818942249,
        -0.013350840657949448,
        0.029411690309643745,
        0.003953988663852215,
        -0.038352347910404205,
        -0.035163089632987976,
        -0.01685362122952938,
        0.0026117765810340643,
        0.043869826942682266
      ]
    },
    {
      "id": 1,
      "dados": [
        -0.003560060868039727,
        0.013364942744374275,
        -0.03140200674533844,
        0.02352316677570343,
        0.020859647542238235,
        -0.010954984463751316,
        -0.03153812885284424,
        -0.010511765256524086,
        0.01776483654975891,
        0.018949825316667557
      ]
    }
  ]
}